{
  "n_rows_after_filters": 248046,
  "img_type_counts": {
    "0": 54895,
    "1": 31315,
    "2": 107046,
    "3": 54790
  },
  "kept_trials": 9394,
  "dropped_missing_img_or_seg": 24,
  "dropped_no_search_phase": 162,
  "dropped_search_too_short": 759,
  "dropped_no_validation_phase": 112,
  "search_dur_outliers_gt30": 3,
  "validation_dur_stats": {
    "n": 9282,
    "min": 0.0,
    "p50": 3.2675799999999997,
    "p90": 4.722626,
    "p99": 6.6346509000000085,
    "max": 29.56762,
    "mean": 3.143881084895497
  },
  "search_dur_stats": {
    "n": 9394,
    "min": 0.37232000000000004,
    "p50": 2.70094,
    "p90": 10.060863,
    "p99": 26.563153299999982,
    "max": 30.263430000000003,
    "mean": 4.402511570151161
  },
  "coord_oob_counts": {
    "search": {
      "raw_scaled_outside_01": 11231,
      "n_points": 105323
    },
    "valid": {
      "raw_scaled_outside_01": 12203,
      "n_points": 51302
    }
  },
  "validation_success_present": {
    "r1_0": {
      "any": 3905,
      "dwell_min2": 2405,
      "n": 8495,
      "any_rate": 0.45968216597998823,
      "dwell_min2_rate": 0.2831077104178929
    },
    "r1_5": {
      "any": 5022,
      "dwell_min2": 3562,
      "n": 8495,
      "any_rate": 0.5911712772218952,
      "dwell_min2_rate": 0.41930547380812244
    },
    "r2_0": {
      "any": 5604,
      "dwell_min2": 4338,
      "n": 8495,
      "any_rate": 0.6596821659799882,
      "dwell_min2_rate": 0.5106533254855797
    },
    "r3_0": {
      "any": 6390,
      "dwell_min2": 5338,
      "n": 8495,
      "any_rate": 0.7522071806945262,
      "dwell_min2_rate": 0.6283696291936434
    }
  },
  "validation_absent_trials": 899
}