epoch,train_loss,train_top1,train_top5,val_loss,val_top1,val_top5
1,8.706224202473958,0.02475,0.044333333333333336,9.029087741851807,0.029,0.055
2,7.3944224243164065,0.10125,0.15141666666666667,8.997124965667725,0.0665,0.103
