epoch,train_loss,train_top1,train_top5,val_loss,val_top1,val_top5
1,8.706224202473958,0.02475,0.044333333333333336,9.029087741851807,0.029,0.055
2,7.3944224243164065,0.10125,0.15141666666666667,8.997124965667725,0.0665,0.103
3,6.643530033111572,0.1805,0.25583333333333336,8.81372229385376,0.119,0.1535
4,5.993602403004965,0.24658333333333332,0.33491666666666664,8.698012306213379,0.1475,0.179
5,5.416240072886149,0.29825,0.4101666666666667,8.456500679016113,0.17,0.2105
